<?xml version="1.0" encoding="UTF-8"?>
<!DOCTYPE configuration
PUBLIC "-//mybatis.org//DTD Config 3.0//EN"
"http://mybatis.org/dtd/mybatis-3-config.dtd">
<configuration>
     <!-- settings标签的作用，通常是用来配置一些常量的，如开启缓存，懒加载，驼峰命令等配置 -->
   <settings>
     <!-- 配置开启驼峰命名的映射配置，默认值为false -->
      <setting name="mapUnderscoreToCamelCase" value="true"/>
      <!-- 配置延迟加载开关 -->
       <setting name="lazyLoadingEnabled" value="true"/>
       <setting name="aggressiveLazyLoading" value="false"/>
       <!-- 开启二级缓存的配置 -->
       <setting name="cacheEnabled" value="true"/>
   </settings>
   
    <!-- 配置映射 -->
  	<mappers>
  	    <package name="com.ace.ssm.mapper"/>
  	</mappers>

</configuration>