<?xml version="1.0" encoding="UTF-8"?>
<!DOCTYPE mapper
PUBLIC "-//mybatis.org//DTD Mapper 3.0//EN"
"http://mybatis.org/dtd/mybatis-3-mapper.dtd">
<mapper namespace="com.ace.ssm.mapper.UserMapper">

	<sql id="commonField">
		id,name,address,birthday
	</sql>
	
	<resultMap type="com.ace.ssm.domain.User" id="getUserResultMap">
		<id column="id" property="id"/>
		<id column="name" property="name"/>
		<id column="address" property="address"/>
		<id column="birthday" property="birthday"/>
	</resultMap>


	<!-- List<User> queryAllUser(User user); -->
    <select id="queryAllUser" resultMap="getUserResultMap" parameterType="com.ace.ssm.domain.User">
       select <include refid="commonField"/> from sys_user 
       <where>
       		<if test="name !=null and name !=''">
       		    name like "%"#{name}"%"
       		</if>
       		<if test="address!=null and address !=''">
       			and address like "%"#{address}"%"
       		</if>
       </where>
    </select>
    
  
</mapper>